"ISO3","Name","1995","1996","1997","1998","1999","2000","2001","2002","2003","2004","2005","2006","2007","2008","2009","2010","2011","2012","2013","2014","2015","2016","2017"
"AFG","Afghanistan",0.62661390602871,0.626082651113839,0.625533963052386,0.622996434676949,0.620404545570819,0.617764377092254,0.61547349852345,0.611816411599054,0.60785698474375,0.606454444099422,0.612019239441813,0.622316660491437,0.617279732896425,0.613176537750965,0.608469035767401,0.607478943999863,0.599746477142137,0.595439009087657,0.59382332888139,0.596308129323559,0.595428061222659,0.595839794775052,0.595266278675272
"ALB","Albania",0.439508936614442,0.434114063250985,0.436372149520615,0.438609078388473,0.451930647375324,0.453020434894613,0.449999032473898,0.444454380050425,0.442368803220301,0.439014848125674,0.43475966300499,0.435026232957756,0.435700895994464,0.43286423724482,0.433678226874465,0.428700941871696,0.427369879704993,0.425151228129337,0.424214551118657,0.422759526502671,0.423026010994991,0.423056127726416,0.422787963542804
"DZA","Algeria",0.391260744188647,0.388907560716899,0.387247555300951,0.385293272174774,0.383017298351842,0.381066264436684,0.38320997461876,0.385345648105021,0.382672368515792,0.378620003677145,0.377468091742468,0.376898051997525,0.377240484530805,0.376769985386253,0.372621789090564,0.371448334538605,0.371015479584228,0.371695980547084,0.372447989360192,0.369828357940054,0.369730405919085,0.370366542095126,0.370522489571063
"AND","Andorra",,,,,,,,,,,,,,,,,,,,,,,
"AGO","Angola",0.553953180765284,0.553225444137032,0.559852128128748,0.553271122931972,0.547320526989889,0.547162628898851,0.549752626139306,0.548957804459158,0.542599034946948,0.542003060976229,0.540645295377479,0.539215193819276,0.532616347489889,0.532378210902926,0.531109418888486,0.529449646245574,0.524910660631236,0.520082742696608,0.520238449083644,0.522060856803747,0.518249262481272,0.517718372299745,0.517443118645279
"ATG","Antigua and Barbuda",0.50158129017353,0.500782239983182,0.498939066299313,0.498212009613388,0.497207628043411,0.496609884776256,0.496621368928058,0.496048108803794,0.495411173396303,0.494804437480002,0.494014002220142,0.493616997766612,0.493030968219104,0.492058069391121,0.490729581224616,0.491465939551705,0.494546305068946,0.490165720278999,0.48835532096653,0.486433535849468,0.486517060783561,0.487378434540582,0.487297091939168
"ARG","Argentina",0.381658509992667,0.381387369865385,0.380486259968819,0.379895508661007,0.379337508843541,0.378632205606827,0.376606810619697,0.376831989663248,0.376939341709921,0.381772885364653,0.376859637017452,0.375415586868111,0.374504278259675,0.374672512822389,0.373156855153499,0.373350658557628,0.367931790799973,0.367399938015556,0.367807844182351,0.368162221456175,0.367972806346164,0.367827514574771,0.367765624350186
"ARM","Armenia",0.419720658784002,0.416222919417336,0.416755910526972,0.416337854766026,0.421876767494858,0.413929859067243,0.421728772296546,0.411445051028154,0.409984440341721,0.408544412842831,0.415161084224732,0.417517282692094,0.420108710883466,0.413086823071292,0.40915412241835,0.406046782434664,0.418128055457321,0.415734526718959,0.415032878261971,0.412221631912446,0.413008588296495,0.413602302588326,0.413776868343476
"AUS","Australia",0.30347975250193,0.30512030022764,0.305315070423143,0.305364943362819,0.306118343459709,0.305148002834348,0.304050979367843,0.307548737705797,0.306586725758988,0.307513004761629,0.305079503543577,0.309499432531434,0.310466807603624,0.310889639438058,0.309176809994675,0.303269998354128,0.300706508868437,0.297681974842669,0.294715706831985,0.292266608682244,0.293493701099262,0.294492715110532,0.294720751126701
"AUT","Austria",0.315518472633143,0.315324284546254,0.314882961647028,0.314404316475336,0.314190116237491,0.314011179623165,0.314349268072052,0.314292064695689,0.314194580845761,0.31477911027283,0.315440737834607,0.316193536136567,0.316097422385176,0.316923191819658,0.318207280196601,0.318311531229265,0.316682969850551,0.314715843913965,0.316721384928864,0.317613438681493,0.315496480971694,0.313246799781413,0.313323303790693
"AZE","Azerbaijan",0.45285610587673,0.451168884023383,0.450370866503006,0.450302064651127,0.448804254469645,0.452628015299982,0.441669297936885,0.436444717230515,0.435881292969676,0.434739908370518,0.433863717357258,0.43248793457353,0.430430040603357,0.42618212394615,0.424037483557751,0.421518393173746,0.419292841633416,0.415577213947081,0.411344394855542,0.408773817257094,0.407795891130306,0.407955950474404,0.408076191876337
"BHS","Bahamas",0.392682600645004,0.392836498289813,0.390928799545115,0.390606495939222,0.389824900886373,0.389304051194654,0.388750258612553,0.38736904684225,0.385922222820033,0.385318039118911,0.38465946262043,0.384401638374901,0.383582312835384,0.382554882992293,0.380980932151196,0.379959819108584,0.377778992086931,0.375848801103804,0.374893967074974,0.374771825286398,0.374980319583262,0.375832884724246,0.376108051568166
"BHR","Bahrain",0.441005956686606,0.439528758227001,0.44010684142417,0.44056574653601,0.440218792493197,0.440627453194705,0.440721740699851,0.439100787795651,0.439082305484673,0.438583411676234,0.438315958418513,0.437848872486379,0.437310990651783,0.437270178574299,0.43318791071715,0.432949016732629,0.436015163697244,0.44238766164724,0.448283808384583,0.453950826505899,0.45843030416224,0.458113371457927,0.457694915690556
"BGD","Bangladesh",0.593343336418611,0.591112953917486,0.597574734363019,0.588088725572234,0.585846013690071,0.58224868944926,0.577273665821745,0.575973028986868,0.573198354684067,0.571957201491381,0.564913563696587,0.559227536089987,0.564754906859876,0.560680005268595,0.559308674631854,0.556636848961205,0.552157789477833,0.5457222032335,0.55408493270822,0.550637068545849,0.546763889714256,0.543451102002713,0.542856795006984
"BRB","Barbados",0.393544128852608,0.393959298143997,0.393267639306358,0.391986677772478,0.391936694208382,0.389189508505396,0.388991375253028,0.388549571305505,0.382703705557532,0.383747911408409,0.382614054379434,0.382028082036969,0.381486271625012,0.381799182510875,0.385096298137586,0.384918289414765,0.379838081827161,0.380007296780147,0.378619598717407,0.378917787836331,0.379266044845215,0.380642046582726,0.38092288712354
"BLR","Belarus",0.349393728756271,0.349015733278256,0.349048073762456,0.349482322761076,0.34972209341713,0.350161292309449,0.347230443089046,0.344628334905517,0.342444552454262,0.339782181469719,0.337446597813202,0.337085653663087,0.336752245937464,0.338062473397585,0.339053035266714,0.338040569050178,0.337004803844559,0.337540522848701,0.337833592470713,0.338338955723198,0.339637128448062,0.34135097122533,0.341580254072901
"BEL","Belgium",0.363599234406534,0.363142620653261,0.363131701107529,0.362856792200698,0.362451658714686,0.362298236495171,0.362383493605911,0.36146212286028,0.361064063447822,0.360438532706858,0.359744665753953,0.360449808878977,0.36065818527418,0.360602632142453,0.360733911662235,0.361286358939947,0.36060610756709,0.360296709334536,0.360338179502934,0.360130085554338,0.360629853262266,0.36073763085065,0.360913967762455
"BLZ","Belize",0.508078221797522,0.506806210275388,0.505012411910918,0.498413685235248,0.496698848791168,0.492253257961609,0.489641941692744,0.487331667325287,0.487418289878877,0.485675111385135,0.481624552791979,0.482021850676778,0.483389605389145,0.480903904031028,0.475089315158506,0.478056438905844,0.47449386613347,0.468712311831975,0.469247069955819,0.47637857567113,0.474872099867781,0.474755468927992,0.474098476311458
"BEN","Benin",0.615068809311627,0.60840040629927,0.612223401241796,0.606430650827822,0.604399940923509,0.607255248604463,0.603931672669758,0.60197553023877,0.595610502515615,0.592135653568771,0.591368964218084,0.591368663574514,0.588043803301516,0.589592821118249,0.585263481235783,0.586021679845192,0.58358342159365,0.579316838771618,0.575843541266774,0.577355512659938,0.574888313193303,0.574077309789921,0.573781701867639
"BTN","Bhutan",0.553271332879519,0.552410614183421,0.550387663567648,0.544326509555509,0.540746772750542,0.533321974188068,0.531684657514901,0.538988340993104,0.520430630334573,0.513580426232221,0.509467143918208,0.502060878504598,0.510816041642557,0.516874258404083,0.501515990237,0.508320944683398,0.499610201872642,0.498929602811307,0.498264830371958,0.49298837536902,0.493120857058315,0.493250888892362,0.492636988879051
"BOL","Bolivia, Plurinational State of",0.526417108568565,0.520421234094435,0.524278796985984,0.518815947827249,0.517863585291276,0.513718068137843,0.507349583418402,0.510526225969415,0.507166929950112,0.499202219593857,0.496904342289298,0.498190280376007,0.487728945690142,0.483557039204333,0.483747492551559,0.479351368742743,0.47006668492942,0.467284995216256,0.462844301908751,0.461619755954403,0.460787260929829,0.460254309275754,0.459961835119259
"BIH","Bosnia and Herzegovina",0.398503519775154,0.397047547221607,0.417623513366549,0.405858340764896,0.397300473519863,0.404673234712715,0.395238879603705,0.392970918084447,0.391200706298354,0.387155793234983,0.38587006233647,0.38497827772786,0.38399124113303,0.382381447700938,0.377126493641983,0.375540652590854,0.37471794487782,0.370852300253679,0.371906577480345,0.371897488638073,0.371615403806585,0.370612797690681,0.370750224330912
"BWA","Botswana",0.516745915646806,0.513786947550766,0.509040882421358,0.504056972438586,0.498852145669695,0.495760732855119,0.495249609597701,0.491403124172317,0.493180579016299,0.490706984776033,0.491824774505295,0.488174884063767,0.489841920709208,0.492964655496529,0.494902310381857,0.487452809304217,0.484318998953374,0.482606063593085,0.477579278793842,0.479858272631097,0.475477916158291,0.471242764322103,0.470928576172384
"BRA","Brazil",0.402730894806708,0.401323664946711,0.399136950756149,0.397165381451351,0.39605536578114,0.393841992691985,0.392441976351078,0.390000565862043,0.387873264021534,0.387387613508656,0.385274434209615,0.384165707673204,0.380998597910874,0.379221989656216,0.376864007557373,0.37518409847604,0.383688099037212,0.3824562056005,0.382499138753063,0.381973682324956,0.381082719938837,0.380660049772562,0.380520404992898
"BRN","Brunei Darussalam",0.426163830488873,0.425403917776489,0.424686232808453,0.424174076354582,0.423605913467804,0.422903913162946,0.417404172577325,0.411837476341224,0.406863372684995,0.402656347568515,0.399905712871218,0.402823316582632,0.397884834652891,0.399894127670196,0.400748175241945,0.395412419399652,0.395272524987212,0.393953629441842,0.397371110781755,0.39651209988719,0.396852018772201,0.395211723282808,0.395034551816513
"BGR","Bulgaria",0.372161132542694,0.371379028693587,0.370011072963271,0.368761219496041,0.368183756270169,0.369199613961291,0.366420005729252,0.364173346465574,0.361993847707854,0.360039748281063,0.356790440431453,0.356344681801409,0.355800188672943,0.354855149352924,0.355209084933076,0.351606473051814,0.344691488895946,0.339061023652528,0.339743257980655,0.340342344725465,0.341885267543451,0.343887525496012,0.344119623823791
"BFA","Burkina Faso",0.622888851868566,0.621801911030284,0.617259097234581,0.612506180755409,0.610812639816065,0.615922569199884,0.611350928119083,0.608461501997902,0.611838227459853,0.614720445053779,0.61433184185584,0.614477935938382,0.607346575448663,0.599603151681421,0.589529872583786,0.597617894831358,0.5880994608437,0.586040787289079,0.580695032166928,0.577666919532833,0.575212691784415,0.572851095024483,0.572455642985836
"BDI","Burundi",0.57669807083442,0.586136371303962,0.586393347795854,0.586826292470275,0.586888236165777,0.582788256695511,0.578940492804977,0.577360045479334,0.57977970780792,0.586120226068894,0.586712944715594,0.586548929181829,0.586935624680743,0.586474184220697,0.586392302811292,0.58533218763457,0.586149558599877,0.586729767384793,0.583121866168906,0.578394041006246,0.579765456132414,0.581000420317597,0.580995695033227
"KHM","Cambodia",0.584906557530991,0.594706164275154,0.590843491060454,0.577433541488518,0.572129318449909,0.566962360341902,0.564323986613894,0.557449996561253,0.556082432460174,0.557984954167122,0.554032093472456,0.559881309713408,0.558481715601393,0.547764927726674,0.542851321104915,0.53926818058163,0.531940258974618,0.531243500338747,0.524736165460252,0.515461260372751,0.517597287762965,0.51755891451037,0.517469010510576
"CMR","Cameroon",0.501696828271279,0.498292390658089,0.496954875297345,0.496189496245048,0.495329384509894,0.49848054998096,0.497501572184205,0.497880735669641,0.494481257497142,0.494225007587875,0.495118947892903,0.492590824872875,0.493114608903351,0.492677637662665,0.492199603287534,0.491424074458045,0.49052977980821,0.489175900676924,0.485975886448708,0.487538922055169,0.484848509396182,0.482994384800073,0.482688637521711
"CAN","Canada",0.304139931891147,0.304256143858124,0.303860594009731,0.302931302152947,0.303392890696425,0.303172225182361,0.302936442429997,0.303725544972312,0.303711928598339,0.302354282679044,0.300651262791703,0.299788064207207,0.299251112095744,0.298872021427897,0.298403909776996,0.297926794103598,0.297452808685133,0.297211521500941,0.296532853988263,0.29620073290624,0.295561586275763,0.295535060677026,0.29585087532667
"CPV","Cape Verde",,,,,,,,,,,,,,,,,,,,,,,
"CAF","Central African Republic",0.571317997966566,0.575077790712045,0.561930607409964,0.569648619986501,0.58344367412139,0.580781843360868,0.576498916155794,0.577828056494424,0.582069615836123,0.575639355800565,0.592535039579686,0.590427130723848,0.591037538623476,0.584575806490789,0.587430129466924,0.580661407921683,0.585627389274801,0.584154308791469,0.583166022579068,0.580350392947206,0.580278081587299,0.580072868284246,0.579679014830379
"TCD","Chad",0.672025318726619,0.668224963020368,0.658791150056264,0.666815941647812,0.667019254618817,0.669100699686619,0.669432494232857,0.657216323985142,0.667823764339128,0.656912136549169,0.655420883838218,0.659495169293635,0.651804603643377,0.648453343184492,0.649342254409259,0.646004296499224,0.656385509852626,0.647767984882563,0.64199444259161,0.650070942714546,0.650165745712078,0.651068931990303,0.650809897499096
"CHL","Chile",0.372045093055168,0.371019803141378,0.368631107733024,0.367901773096859,0.367535450232736,0.366500108831481,0.36422847241408,0.362248338266612,0.359513519956742,0.362882307655536,0.355671696227737,0.355358986550723,0.355074860168347,0.353338035624033,0.352624074779422,0.352803811445081,0.347709353598573,0.344471685839069,0.342549042820929,0.342905035699605,0.342723294388518,0.344508625759648,0.344563803588686
"CHN","China",0.427774626891047,0.423978515968007,0.420457119872678,0.417553817641799,0.415613347417658,0.413212010293022,0.41033817652617,0.407434739027313,0.42009716983493,0.415751720826164,0.414995915379544,0.411851030835875,0.408303054478426,0.404486746428581,0.400684208702031,0.396675796427891,0.393956356324005,0.39209503970515,0.390861177634853,0.389510180417457,0.388517354793159,0.388612738477045,0.388597691639535
"COL","Colombia",0.424205497210437,0.421467000407674,0.419220293838375,0.416951449817364,0.412533570128582,0.412804287000129,0.411023401829279,0.409490261620054,0.407637711450749,0.405288141857541,0.402562852242993,0.40113207542083,0.398507102982902,0.395116551637168,0.393080131345546,0.391420877939492,0.387827117530903,0.386817900789083,0.38692909361314,0.388318456514579,0.388090222489544,0.388435075944923,0.388266350125139
"COM","Comoros",0.512926998951375,0.510900357715201,0.510896778080156,0.508257681027089,0.507496905007629,0.501829495001216,0.498508822396622,0.502510265148074,0.503903009619045,0.501806627522711,0.493776402760789,0.482800862034088,0.477450533390851,0.47396262342165,0.477666984749703,0.479996151877088,0.481464605097577,0.477785926787835,0.486949782103359,0.482593021691917,0.481091559110495,0.479412601943671,0.479212738612105
"COG","Congo",0.547551274846566,0.545587526503736,0.544540267495818,0.543118109668345,0.542611407908139,0.54195214695849,0.542198387723754,0.542795342214658,0.543285632886327,0.546102759872601,0.542930666480153,0.540338066774677,0.539121821698805,0.536151935636727,0.537104738986224,0.532569109356811,0.536688804000141,0.535116611603143,0.530010387188026,0.525073377457309,0.520056498272999,0.51850670968265,0.518306978705055
"COD","Congo, the Democratic Republic o",0.584950316737282,0.583822628790617,0.590930948963036,0.589547144185521,0.590165463115488,0.590275447547534,0.593702126707078,0.594725772675319,0.603696837265105,0.602946492140856,0.601277612144984,0.604659974742818,0.595146012966174,0.596504976738496,0.591562998204621,0.587542554453733,0.5887837582906,0.58928804389702,0.590693651389581,0.5916649387497,0.589767106947856,0.588478049151702,0.588175117603954
"CRI","Costa Rica",0.422325356235195,0.419922006749016,0.417860548836512,0.418262440547697,0.413161046809568,0.410331068002004,0.414414096908449,0.412748691404117,0.411140165652845,0.40893695585129,0.40752997152232,0.406386198778022,0.405336304420711,0.403909930687075,0.402437855462104,0.400165881279391,0.395948216012613,0.393121690534089,0.391855400142412,0.390321846448536,0.389313860531432,0.389595173034153,0.389337666974907
"CIV","Cote d'Ivoire",0.515949188489097,0.517627567614146,0.518544024011834,0.519654781015039,0.521507636597694,0.524479345198507,0.523107331729489,0.524250325938308,0.52490300872737,0.520768399535187,0.51758142363441,0.517797733808248,0.529124620951984,0.530796444410281,0.526717318584902,0.525550727839418,0.522657691778374,0.521831583760339,0.518131522429789,0.5169818028425,0.515511981963862,0.514617013586869,0.51439749240646
"HRV","Croatia",0.405928129875205,0.406154548745061,0.406891180534797,0.405281364426197,0.405430014521912,0.405113532780406,0.404111929562553,0.403690253980571,0.403089180714285,0.402677772297375,0.401731660725418,0.401085385589031,0.400949769363689,0.399660530288472,0.396526117640114,0.395055000493252,0.390869844477043,0.387132385823424,0.388318687464243,0.388718909794603,0.387788222249956,0.387010974417069,0.387203179911058
"CUB","Cuba",0.440470510265482,0.439787150079006,0.441669364002452,0.441272305139003,0.440276028317208,0.439237166011045,0.438096431652845,0.436279605078627,0.435741228842267,0.434585968599208,0.434003608553623,0.432897522321661,0.431713951427612,0.431528632320998,0.432463304096322,0.431652232175845,0.431856252341404,0.431036640778399,0.432553881915479,0.431524759893929,0.429787328851562,0.428193259552681,0.42839537673433
"CYP","Cyprus",0.369316632343576,0.368740241174359,0.368198545471264,0.367465045135882,0.366918054525866,0.366283697136748,0.365675998289847,0.364951914100691,0.36460833150373,0.36440172894427,0.364417565563681,0.363992122744888,0.363957589079396,0.364071553389485,0.361733624416669,0.359658317016056,0.359259011138529,0.357787756105846,0.359625333701711,0.360376312867837,0.360067337322408,0.359518584162174,0.359748805766563
"CZE","Czech Republic",0.315675483475304,0.315194596879569,0.314600442058366,0.313253121065341,0.312735921053413,0.311867297081197,0.311192655547838,0.310276978994076,0.30968943004361,0.308101699814009,0.307667742747632,0.307245163647505,0.30747911046991,0.307333532288032,0.312281990364443,0.31078084047812,0.307725843158878,0.30898643828845,0.308826615086491,0.308738629261452,0.309316135507717,0.309146306544263,0.309574293320543
"DNK","Denmark",0.34964787147259,0.350271259979272,0.342580618081221,0.347337400525507,0.342254015518544,0.336580727323733,0.334366502936866,0.334514763537322,0.336753409695233,0.335201133286834,0.333790429849783,0.339842629988315,0.33696814983599,0.335579801188034,0.33643588454422,0.335692595385628,0.335748606679185,0.335775169505319,0.340799957779162,0.343641393403651,0.343670491245759,0.343820963814554,0.343884025899612
"DJI","Djibouti",0.519077208362886,0.517354763531651,0.519448165579299,0.519739747323309,0.520450441616563,0.521061603462496,0.521840251119689,0.525153826696055,0.505686973981098,0.503715629883424,0.510532736361359,0.52036469205519,0.51753030128367,0.522865478388207,0.518396060056391,0.512290780935573,0.508265527092477,0.509357197304322,0.514013046913899,0.504850246977167,0.501733123605226,0.500014933323969,0.499673315840845
"DMA","Dominica",0.413244376723771,0.421102364594439,0.423069211910642,0.417695951362891,0.41486640294662,0.414222504523229,0.412052787165084,0.409407262233978,0.404119764252112,0.404672806517427,0.400709805154588,0.405635438595841,0.408585337222067,0.401897007449384,0.406500287656175,0.403066730400167,0.404261621227345,0.405574497880582,0.400433160980826,0.403763545147191,0.403588977012067,0.402962759542278,0.402800563592327
"DOM","Dominican Republic",0.457880572662325,0.45738158177591,0.455481174683456,0.454652195701653,0.451766473982164,0.451133029470976,0.449345143660141,0.452063686469219,0.45805217551273,0.455251652162676,0.450133757670854,0.452622988460434,0.449453849547701,0.447070085846794,0.437752836010108,0.440156662899387,0.437218225173325,0.430635554217073,0.431056098384691,0.430058666709051,0.43099584156355,0.431913726924888,0.431543643468734
"ECU","Ecuador",0.467170873974004,0.471194580974703,0.472601948666577,0.474219009517152,0.473504334024758,0.474174569253666,0.475208337677671,0.475964620231403,0.467119395242118,0.45884254445681,0.457114259041989,0.45833618386703,0.459291041449999,0.456145222532719,0.451193555370168,0.448560519052959,0.446328795477461,0.446132372699362,0.447953971186613,0.446201074581829,0.446160313510009,0.446444921359317,0.446357423642045
"EGY","Egypt",0.445111108168118,0.445384183197991,0.445646046107109,0.443735962168875,0.441561851943294,0.439894196600205,0.438753645525619,0.436880317712245,0.434425188360645,0.434498172210855,0.431915586949098,0.430809328248079,0.431410876110545,0.43014204109787,0.429587015862181,0.426667145553927,0.424100405851603,0.421842986708196,0.423778894767805,0.427530299576278,0.426857444902394,0.426224747125004,0.42628184828842
"SLV","El Salvador",0.48261902581656,0.482700909392274,0.479860886153034,0.477916484241161,0.475843104495965,0.471220059797492,0.469623682005776,0.466658199766097,0.463915754685823,0.46199808362671,0.462519874803791,0.461195774938393,0.459964547433608,0.457523325054946,0.460590870708132,0.454572867417124,0.456345648978896,0.451433992834714,0.448582679985309,0.447464291812699,0.448132957893756,0.448609873710398,0.448212171049394
"GNQ","Equatorial Guinea",0.475931142177327,0.473078841757356,0.477671761800289,0.492731197575175,0.493108348813427,0.478670456944018,0.481458146750074,0.483620133161582,0.466643662871517,0.460751398960838,0.459566398769977,0.460982499650803,0.460633982246101,0.456958973731062,0.456611539090363,0.452855539225479,0.457992500033751,0.460787041060279,0.46498435957826,0.468363082932963,0.476777620018365,0.479898548567912,0.479497915785015
"ERI","Eritrea",0.608619587184558,0.612468969542649,0.594688651579784,0.607047653012907,0.610611264348026,0.611001326484102,0.612189544912439,0.609887759514638,0.609547946505242,0.609402797731923,0.607913539218523,0.604054034942528,0.605205244989655,0.605401212621762,0.606806482616464,0.607808123404268,0.605490537806338,0.596140479710682,0.603008527013074,0.600420997149206,0.59803831278676,0.595884935523239,0.595884935523239
"EST","Estonia",0.371686471543807,0.371091338495963,0.371768894636663,0.38000123208062,0.382575048409966,0.379111912720837,0.379437227135058,0.377567652394632,0.378278137307213,0.379260721785958,0.377895932130323,0.377110106480459,0.376344400342252,0.378672779361282,0.381923959921822,0.378861305195098,0.378038676489736,0.376825316150986,0.375484670466191,0.374333152038863,0.374600533337011,0.375255569098469,0.375545539165477
"ETH","Ethiopia",0.613311728296294,0.612431359060609,0.612525382071587,0.608481898224722,0.608940764219937,0.605270137614568,0.608360435937171,0.594316775106305,0.601507874078473,0.603629294195913,0.603078097018721,0.599281923524789,0.596068523044118,0.593750538402969,0.591181044034142,0.588560204949447,0.585059770010806,0.578508517707957,0.575550049361793,0.572332505309994,0.56903781603131,0.566227903381391,0.565721486113334
"FJI","Fiji",0.483302700357006,0.477967679992234,0.476343415411505,0.476987476004248,0.484415018643186,0.484123854097452,0
"IRL","Ireland",0.344869673727649,0.344339144634753,0.343960411153313,0.342743191720298,0.342313825778903,0.342200136569788,0.341656562306926,0.341541609233076,0.341022463215424,0.340440106603727,0.338534294625239,0.336746289527581,0.340390836262057,0.341289377924111,0.34248205851624,0.342788302217554,0.344974430145315,0.347515436551596,0.344912656992586,0.343219354840278,0.344093615593628,0.34482672478116,0.34495241489357
"ISR","Israel",0.342652042183135,0.342038829717805,0.34253476728263,0.342744532265891,0.342723998154177,0.342833908819187,0.3425837787811,0.342190625703854,0.342629697456998,0.34189694539776,0.342002172903141,0.341345035398809,0.341430138087391,0.339975954804483,0.339394563277925,0.337696995920235,0.338551668494988,0.340356696638609,0.33898935217959,0.338510130099436,0.337098272294828,0.336004330300239,0.336136651374816
"ITA","Italy",0.321282679086933,0.321743585239865,0.322129571527565,0.321831691554937,0.321483701781893,0.321733191097991,0.322106003688516,0.32241897140647,0.322346305354424,0.321907705717668,0.322120207102431,0.321613903220157,0.321510820034666,0.323156796034825,0.323249721171334,0.322576326835936,0.322051271700486,0.319750875594549,0.320212877538572,0.319624237463919,0.320257025091113,0.319903110604991,0.319973740540615
"JAM","Jamaica",0.459446869956362,0.453681343565893,0.447693209642096,0.447739924065775,0.446467969179312,0.445423721214538,0.444998707748812,0.441247080329947,0.441373177260382,0.442319531874475,0.441395956122576,0.440897697028911,0.43993887347762,0.438088593914272,0.437932801813648,0.436621186424332,0.43638997691137,0.433470075567367,0.430863807180019,0.429906375744027,0.431528149132862,0.433192383777929,0.433067082789008
"JPN","Japan",0.369191777502581,0.369346871235776,0.368694962323445,0.368188363581987,0.368112065894799,0.367973233660249,0.367507692653738,0.367109389144845,0.366641825907383,0.365734289161726,0.365499449747748,0.365808685997109,0.366078937020108,0.366752508707832,0.367353995922316,0.36726777424128,0.368644168841752,0.369212850211482,0.369233934597883,0.369892542455146,0.370476878419091,0.371256087491319,0.371541730575256
"JOR","Jordan",0.392097071843872,0.391373768523648,0.390405371927709,0.389146219931262,0.388904959071334,0.389053125287505,0.388900346249729,0.386505471505097,0.387525075251671,0.387237926689971,0.385315602704366,0.385907441532938,0.383360059943528,0.380812150494255,0.381940359897219,0.379354714905663,0.380064506906007,0.382149379341551,0.381702268811981,0.379669917284737,0.378626099436485,0.377158857370459,0.376908072161339
"KAZ","Kazakhstan",0.375466123941575,0.369586542819436,0.363356235552982,0.360019373243464,0.357877503752486,0.356925238767547,0.345332357160107,0.347069465837706,0.345259499757634,0.347714893177462,0.347096028214468,0.348779574328767,0.348614310958839,0.34449489901504,0.338478267069035,0.338208197666758,0.336471149922396,0.334551385720984,0.338370160755403,0.337584400267591,0.336505638955695,0.335439153540438,0.335898028375629
"KEN","Kenya",0.559359684593289,0.56173287965212,0.562484638988126,0.559193162982422,0.560265261014693,0.554814254311929,0.557545947647133,0.556022473549893,0.548732370766584,0.552739322408466,0.55548900703782,0.552318165161905,0.556391352219645,0.557106852209145,0.559328087250602,0.562785305682886,0.567879988079164,0.567813677992224,0.563799211000973,0.558683014388225,0.553528224370073,0.546252996193113,0.545857341645166
"KIR","Kiribati",,,,,,,,,,,,,,,,,,,,,,,
"PRK","Korea, Democratic People's Repub",,,,,,,,,,,,,,,,,,,,,,,
"KOR","Korea, Republic of",0.387433710955728,0.3868094692150854299,0.378687076761746,0.377159118421502,0.37819578798928,0.37805567669621
"MOZ","Mozambique",0.578935706070655,0.578013431963987,0.576254161239699,0.57042307392656,0.568455976382658,0.565016061759953,0.561615751614902,0.56284696619357,0.562378893694002,0.55829956505745,0.554931524439643,0.55386850205717,0.553360153041307,0.552647701903302,0.553553675855664,0.55343323687163,0.548159169198583,0.545435931849547,0.544456183590649,0.542871363142203,0.541727350270649,0.541129775820312,0.54081813325804
"MMR","Myanmar",0.572490801625179,0.570600428151081,0.569210119413672,0.568338884548842,0.565752865531003,0.561598078513366,0.557358862374756,0.554431544512049,0.552042051418578,0.54775465924136,0.54294408607282,0.544450555261568,0.542146991485048,0.540983289794035,0.540772352929744,0.538605644599497,0.534135454260634,0.532176234902187,0.537452127859982,0.546422578222582,0.542469010518369,0.542407546653715,0.542107306301988
"NAM","Namibia",0.509930532230586,0.506638178461195,0.504491040074787,0.50248629073249,0.500770286962967,0.500051759099534,0.4985897653898,0.495686251247155,0.494389255112276,0.499771226093525,0.505549004935851,0.511151367557557,0.509297354435136,0.513314677037722,0.50591306837259,0.511820990900542,0.501565304368294,0.494760277685117,0.496984624446338,0.493987168635869,0.492489884122992,0.491253664059317,0.490828616854783
"NRU","Nauru",,,,,,,,,,,,,,,,,,,,,,,
"NPL","Nepal",0.590539790550589,0.592234895713795,0.588572880917762,0.596970519420485,0.591726305184758,0.585924553104929,0.582710147753634,0.580317364630808,0.566609059479699,0.570082661019904,0.560598394869297,0.558566934956851,0.558015323860246,0.555440635929369,0.546700828528152,0.538635034025304,0.534324574905742,0.530867733491635,0.526786189475081,0.522315525558578,0.518794098178878,0.516120298181039,0.515563781565103
"NLD","Netherlands",0.347105628604801,0.347458238607011,0.347654910012448,0.347870492578646,0.348217081693964,0.348287300229311,0.348723634127766,0.350305664573465,0.351570883593104,0.350041741591096,0.350068739072332,0.350244988015693,0.34938559415482,0.349081502193433,0.349416372991788,0.348775039548509,0.348351046430905,0.348639531910073,0.34911839215734,0.350502575426094,0.351235009028913,0.351386526507704,0.351419259972755
"NZL","New Zealand",0.344580402943765,0.344388193045668,0.344932324449096,0.345057964779122,0.345482163578246,0.345029546966834,0.343151713336597,0.339045304889671,0.333695718438052,0.332895474951057,0.332197881235807,0.331363469508649,0.330317036189967,0.329440063188865,0.329580603214482,0.329356622225703,0.328942562785454,0.330367585640901,0.329647207165779,0.328968943745579,0.32997933697511,0.331187344293668,0.331357324602035
"NIC","Nicaragua",0.514792509029228,0.507115498077406,0.500760970918185,0.496685570400316,0.491236702791664,0.486135767039718,0.484030390552236,0.478956949882493,0.477892400226315,0.475546138839258,0.474378343278188,0.469888995526278,0.470950267187929,0.471523074135421,0.47106544668311,0.465528935823805,0.46626627603641,0.463999800360067,0.458137853733463,0.45584690377128,0.454707887260345,0.453250793571926,0.452991695393734
"NER","Niger",0.706745833433391,0.703547244226718,0.706634318568233,0.707871291363549,0.708218399104489,0.709051069061498,0.695626508292614,0.691193826666505,0.68843172929211,0.686275913665017,0.700873810349259,0.697097472862592,0.695242638962305,0.683658889039248,0.68158443991316,0.679258989354384,0.672568637864514,0.673384990033886,0.674073617727761,0.677660332352582,0.673706498909703,0.670362346335756,0.670315892001617
"NGA","Nigeria",0.521260695267767,0.51910967,0.538489366123089,0.5456885815211,0.545905105605818,0.538401765609838,0.546344283138863,0.546398445669152,0.546407412268569,0.546407412268569
"SWE","Sweden",0.304727706507761,0.305096970160765,0.305386416251321,0.305064439367098,0.305028700675975,0.305140434000711,0.304825369953874,0.304891983590799,0.304581283885914,0.304209777281641,0.303152434321135,0.303239998479587,0.304090796293919,0.305861464962685,0.305652759180099,0.306360762852348,0.303888939796345,0.302999560368174,0.30330499426028,0.302998011860938,0.301784490240431,0.301049530296938,0.3011650759898
"CHE","Switzerland",0.276505400364104,0.276070717990145,0.276750046693675,0.27657168854187,0.276317815399228,0.276235522127867,0.276365897174892,0.276515940586162,0.276364726179559,0.276069451902106,0.276046166678836,0.275792140338058,0.275326299866506,0.275623749570201,0.275646531640443,0.27465938002553,0.274465636594509,0.275055233135354,0.274681363445532,0.273861546853393,0.274165550386154,0.273368751635008,0.273541873970143
"SYR","Syrian Arab Republic",0.430466231566404,0.428573919985911,0.426510163873875,0.422959882809054,0.419838727529569,0.417421550332017,0.422903104288452,0.42224645802482,0.421042661018278,0.42472544129215,0.427109388868722,0.42901475335095,0.431426758298961,0.432268428984418,0.428390140572885,0.42690639516631,0.425229917561472,0.427680071624027,0.433492232928667,0.436839105898537,0.439261484751174,0.440512590397739,0.439831355727545
"TJK","Tajikistan",0.489779090871633,0.468734115911713,0.467304711224957,0.466470512814226,0.481760291681029,0.462381848548712,0.478822588507667,0.457492294790037,0.462385990009764,0.449469742745232,0.450552128688884,0.444495511839188,0.443112223296058,0.438996047243211,0.438041062241936,0.437040938856813,0.440873375201942,0.44510410176041,0.44143119948006,0.436230016131431,0.437255170903087,0.437998838657252,0.438093253933201
"TZA","Tanzania, United Republic of",0.559640584288879,0.558463557643932,0.564951959847171,0.566128042902336,0.574666715879384,0.571703593277293,0.558839457741862,0.551501227656077,0.570374835007277,0.561432299378781,0.563798364906892,0.569112992059545,0.568710407279339,0.569145732994502,0.567029090226396,0.56698010180254,0.566719005359899,0.56300032813401,0.561188112984303,0.558388414538118,0.557091408578951,0.55088268441882,0.550542829004823
"THA","Thailand",0.438888303099307,0.438299457163599,0.437501092077909,0.435870460076813,0.435390909487428,0.434447673346911,0.43167003260298,0.428512902091724,0.425128991949523,0.422523787658406,0.419719592557484,0.416919460231069,0.417185464227817,0.416288653084923,0.410221604923013,0.409373281655068,0.411208601549458,0.411135241195446,0.411693946292708,0.407864741200092,0.4087813668654,0.408818290833162,0.408654572674405
"TLS","Timor-Leste",0.590987546084323,0.59175446746595,0.592271208776454,0.592556203243656,0.592830472613344,0.592639837141994,0.589583068901318,0.588811260892792,0.587417914905986,0.597021910254667,0.598187390323399,0.59838637696237,0.59982442274662,0.592714153973096,0.585924692721822,0.580765629659915,0.572719330956882,0.568117466203722,0.563905273977745,0.561105111488811,0.556662229949566,0.558005907846377,0.557770448881697
"TGO","Togo",0.553089916784742,0.552878984896154,0.555339423908632,0.552916746125301,0.55344656508431,0.550787154094059,0.55313783867499,0.553148502954596,0.547356085037581,0.562929965283626,0.563133631543192,0.552970388226032,0.544823488397453,0.542457722966288,0.543516782103162,0.539635412591852,0.545496455367224,0.543182594165515,0.529874883972537,0.541898794279521,0.541036084253185,0.53955099206
